Leeftijd;Nr;Ref;Omschrijving
K-;1;K-1;PLAATSHOUDER K-1: geen decretale tekst. Vervang dit bestand door de officiële lijst van directie.
K-;01;K-01;PLAATSHOUDER K-01: geen decretale tekst. Vervang dit bestand door de officiële lijst van directie.
K-;2;K-2;PLAATSHOUDER K-2: geen decretale tekst. Vervang dit bestand door de officiële lijst van directie.
K-;02;K-02;PLAATSHOUDER K-02: geen decretale tekst. Vervang dit bestand door de officiële lijst van directie.
K-;3;K-3;PLAATSHOUDER K-3: geen decretale tekst. Vervang dit bestand door de officiële lijst van directie.
K-;03;K-03;PLAATSHOUDER K-03: geen decretale tekst. Vervang dit bestand door de officiële lijst van directie.
K-;4;K-4;PLAATSHOUDER K-4: geen decretale tekst. Vervang dit bestand door de officiële lijst van directie.
K-;04;K-04;PLAATSHOUDER K-04: geen decretale tekst. Vervang dit bestand door de officiële lijst van directie.
K-;5;K-5;PLAATSHOUDER K-5: geen decretale tekst. Vervang dit bestand door de officiële lijst van directie.
K-;05;K-05;PLAATSHOUDER K-05: geen decretale tekst. Vervang dit bestand door de officiële lijst van directie.
K-;6;K-6;PLAATSHOUDER K-6: geen decretale tekst. Vervang dit bestand door de officiële lijst van directie.
K-;06;K-06;PLAATSHOUDER K-06: geen decretale tekst. Vervang dit bestand door de officiële lijst van directie.
K-;7;K-7;PLAATSHOUDER K-7: geen decretale tekst. Vervang dit bestand door de officiële lijst van directie.
K-;07;K-07;PLAATSHOUDER K-07: geen decretale tekst. Vervang dit bestand door de officiële lijst van directie.
K-;8;K-8;PLAATSHOUDER K-8: geen decretale tekst. Vervang dit bestand door de officiële lijst van directie.
K-;08;K-08;PLAATSHOUDER K-08: geen decretale tekst. Vervang dit bestand door de officiële lijst van directie.
K-;9;K-9;PLAATSHOUDER K-9: geen decretale tekst. Vervang dit bestand door de officiële lijst van directie.
K-;09;K-09;PLAATSHOUDER K-09: geen decretale tekst. Vervang dit bestand door de officiële lijst van directie.
K-;10;K-10;PLAATSHOUDER K-10: geen decretale tekst. Vervang dit bestand door de officiële lijst van directie.
K-;11;K-11;PLAATSHOUDER K-11: geen decretale tekst. Vervang dit bestand door de officiële lijst van directie.
K-;12;K-12;PLAATSHOUDER K-12: geen decretale tekst. Vervang dit bestand door de officiële lijst van directie.
K-;13;K-13;PLAATSHOUDER K-13: geen decretale tekst. Vervang dit bestand door de officiële lijst van directie.
K-;14;K-14;PLAATSHOUDER K-14: geen decretale tekst. Vervang dit bestand door de officiële lijst van directie.
K-;15;K-15;PLAATSHOUDER K-15: geen decretale tekst. Vervang dit bestand door de officiële lijst van directie.
K-;16;K-16;PLAATSHOUDER K-16: geen decretale tekst. Vervang dit bestand door de officiële lijst van directie.
K-;17;K-17;PLAATSHOUDER K-17: geen decretale tekst. Vervang dit bestand door de officiële lijst van directie.
K-;18;K-18;PLAATSHOUDER K-18: geen decretale tekst. Vervang dit bestand door de officiële lijst van directie.
K-;19;K-19;PLAATSHOUDER K-19: geen decretale tekst. Vervang dit bestand door de officiële lijst van directie.
K-;20;K-20;PLAATSHOUDER K-20: geen decretale tekst. Vervang dit bestand door de officiële lijst van directie.
K-;21;K-21;PLAATSHOUDER K-21: geen decretale tekst. Vervang dit bestand door de officiële lijst van directie.
K-;22;K-22;PLAATSHOUDER K-22: geen decretale tekst. Vervang dit bestand door de officiële lijst van directie.
K-;23;K-23;PLAATSHOUDER K-23: geen decretale tekst. Vervang dit bestand door de officiële lijst van directie.
K-;24;K-24;PLAATSHOUDER K-24: geen decretale tekst. Vervang dit bestand door de officiële lijst van directie.
K-;25;K-25;PLAATSHOUDER K-25: geen decretale tekst. Vervang dit bestand door de officiële lijst van directie.
K-;26;K-26;PLAATSHOUDER K-26: geen decretale tekst. Vervang dit bestand door de officiële lijst van directie.
K-;27;K-27;PLAATSHOUDER K-27: geen decretale tekst. Vervang dit bestand door de officiële lijst van directie.
K-;28;K-28;PLAATSHOUDER K-28: geen decretale tekst. Vervang dit bestand door de officiële lijst van directie.
K-;29;K-29;PLAATSHOUDER K-29: geen decretale tekst. Vervang dit bestand door de officiële lijst van directie.
K-;30;K-30;PLAATSHOUDER K-30: geen decretale tekst. Vervang dit bestand door de officiële lijst van directie.
K-;31;K-31;PLAATSHOUDER K-31: geen decretale tekst. Vervang dit bestand door de officiële lijst van directie.
K-;32;K-32;PLAATSHOUDER K-32: geen decretale tekst. Vervang dit bestand door de officiële lijst van directie.
K-;33;K-33;PLAATSHOUDER K-33: geen decretale tekst. Vervang dit bestand door de officiële lijst van directie.
K-;34;K-34;PLAATSHOUDER K-34: geen decretale tekst. Vervang dit bestand door de officiële lijst van directie.
K-;35;K-35;PLAATSHOUDER K-35: geen decretale tekst. Vervang dit bestand door de officiële lijst van directie.
K-;36;K-36;PLAATSHOUDER K-36: geen decretale tekst. Vervang dit bestand door de officiële lijst van directie.
K-;37;K-37;PLAATSHOUDER K-37: geen decretale tekst. Vervang dit bestand door de officiële lijst van directie.
K-;38;K-38;PLAATSHOUDER K-38: geen decretale tekst. Vervang dit bestand door de officiële lijst van directie.
K-;39;K-39;PLAATSHOUDER K-39: geen decretale tekst. Vervang dit bestand door de officiële lijst van directie.
K-;40;K-40;PLAATSHOUDER K-40: geen decretale tekst. Vervang dit bestand door de officiële lijst van directie.
K-;41;K-41;PLAATSHOUDER K-41: geen decretale tekst. Vervang dit bestand door de officiële lijst van directie.
K-;42;K-42;PLAATSHOUDER K-42: geen decretale tekst. Vervang dit bestand door de officiële lijst van directie.
K-;43;K-43;PLAATSHOUDER K-43: geen decretale tekst. Vervang dit bestand door de officiële lijst van directie.
K-;44;K-44;PLAATSHOUDER K-44: geen decretale tekst. Vervang dit bestand door de officiële lijst van directie.
K-;45;K-45;PLAATSHOUDER K-45: geen decretale tekst. Vervang dit bestand door de officiële lijst van directie.
K-;46;K-46;PLAATSHOUDER K-46: geen decretale tekst. Vervang dit bestand door de officiële lijst van directie.
K-;47;K-47;PLAATSHOUDER K-47: geen decretale tekst. Vervang dit bestand door de officiële lijst van directie.
K-;48;K-48;PLAATSHOUDER K-48: geen decretale tekst. Vervang dit bestand door de officiële lijst van directie.
K-;49;K-49;PLAATSHOUDER K-49: geen decretale tekst. Vervang dit bestand door de officiële lijst van directie.
K-;50;K-50;PLAATSHOUDER K-50: geen decretale tekst. Vervang dit bestand door de officiële lijst van directie.
K-;51;K-51;PLAATSHOUDER K-51: geen decretale tekst. Vervang dit bestand door de officiële lijst van directie.
K-;52;K-52;PLAATSHOUDER K-52: geen decretale tekst. Vervang dit bestand door de officiële lijst van directie.
K-;53;K-53;PLAATSHOUDER K-53: geen decretale tekst. Vervang dit bestand door de officiële lijst van directie.
K-;54;K-54;PLAATSHOUDER K-54: geen decretale tekst. Vervang dit bestand door de officiële lijst van directie.
K-;55;K-55;PLAATSHOUDER K-55: geen decretale tekst. Vervang dit bestand door de officiële lijst van directie.
K-;56;K-56;PLAATSHOUDER K-56: geen decretale tekst. Vervang dit bestand door de officiële lijst van directie.
K-;57;K-57;PLAATSHOUDER K-57: geen decretale tekst. Vervang dit bestand door de officiële lijst van directie.
K-;58;K-58;PLAATSHOUDER K-58: geen decretale tekst. Vervang dit bestand door de officiële lijst van directie.
K-;59;K-59;PLAATSHOUDER K-59: geen decretale tekst. Vervang dit bestand door de officiële lijst van directie.
K-;60;K-60;PLAATSHOUDER K-60: geen decretale tekst. Vervang dit bestand door de officiële lijst van directie.
K-;61;K-61;PLAATSHOUDER K-61: geen decretale tekst. Vervang dit bestand door de officiële lijst van directie.
K-;62;K-62;PLAATSHOUDER K-62: geen decretale tekst. Vervang dit bestand door de officiële lijst van directie.
K-;63;K-63;PLAATSHOUDER K-63: geen decretale tekst. Vervang dit bestand door de officiële lijst van directie.
K-;64;K-64;PLAATSHOUDER K-64: geen decretale tekst. Vervang dit bestand door de officiële lijst van directie.
K-;65;K-65;PLAATSHOUDER K-65: geen decretale tekst. Vervang dit bestand door de officiële lijst van directie.
K-;66;K-66;PLAATSHOUDER K-66: geen decretale tekst. Vervang dit bestand door de officiële lijst van directie.
K-;67;K-67;PLAATSHOUDER K-67: geen decretale tekst. Vervang dit bestand door de officiële lijst van directie.
K-;68;K-68;PLAATSHOUDER K-68: geen decretale tekst. Vervang dit bestand door de officiële lijst van directie.
K-;69;K-69;PLAATSHOUDER K-69: geen decretale tekst. Vervang dit bestand door de officiële lijst van directie.
K-;70;K-70;PLAATSHOUDER K-70: geen decretale tekst. Vervang dit bestand door de officiële lijst van directie.
K-;71;K-71;PLAATSHOUDER K-71: geen decretale tekst. Vervang dit bestand door de officiële lijst van directie.
K-;72;K-72;PLAATSHOUDER K-72: geen decretale tekst. Vervang dit bestand door de officiële lijst van directie.
K-;73;K-73;PLAATSHOUDER K-73: geen decretale tekst. Vervang dit bestand door de officiële lijst van directie.
K-;74;K-74;PLAATSHOUDER K-74: geen decretale tekst. Vervang dit bestand door de officiële lijst van directie.
K-;75;K-75;PLAATSHOUDER K-75: geen decretale tekst. Vervang dit bestand door de officiële lijst van directie.
K-;76;K-76;PLAATSHOUDER K-76: geen decretale tekst. Vervang dit bestand door de officiële lijst van directie.
K-;77;K-77;PLAATSHOUDER K-77: geen decretale tekst. Vervang dit bestand door de officiële lijst van directie.
K-;78;K-78;PLAATSHOUDER K-78: geen decretale tekst. Vervang dit bestand door de officiële lijst van directie.
K-;79;K-79;PLAATSHOUDER K-79: geen decretale tekst. Vervang dit bestand door de officiële lijst van directie.
K-;80;K-80;PLAATSHOUDER K-80: geen decretale tekst. Vervang dit bestand door de officiële lijst van directie.
K-;81;K-81;PLAATSHOUDER K-81: geen decretale tekst. Vervang dit bestand door de officiële lijst van directie.
K-;82;K-82;PLAATSHOUDER K-82: geen decretale tekst. Vervang dit bestand door de officiële lijst van directie.
K-;83;K-83;PLAATSHOUDER K-83: geen decretale tekst. Vervang dit bestand door de officiële lijst van directie.
K-;84;K-84;PLAATSHOUDER K-84: geen decretale tekst. Vervang dit bestand door de officiële lijst van directie.
K-;85;K-85;PLAATSHOUDER K-85: geen decretale tekst. Vervang dit bestand door de officiële lijst van directie.
K-;86;K-86;PLAATSHOUDER K-86: geen decretale tekst. Vervang dit bestand door de officiële lijst van directie.
K-;87;K-87;PLAATSHOUDER K-87: geen decretale tekst. Vervang dit bestand door de officiële lijst van directie.
K-;88;K-88;PLAATSHOUDER K-88: geen decretale tekst. Vervang dit bestand door de officiële lijst van directie.
K-;89;K-89;PLAATSHOUDER K-89: geen decretale tekst. Vervang dit bestand door de officiële lijst van directie.
K-;90;K-90;PLAATSHOUDER K-90: geen decretale tekst. Vervang dit bestand door de officiële lijst van directie.
K-;91;K-91;PLAATSHOUDER K-91: geen decretale tekst. Vervang dit bestand door de officiële lijst van directie.
K-;92;K-92;PLAATSHOUDER K-92: geen decretale tekst. Vervang dit bestand door de officiële lijst van directie.
K-;93;K-93;PLAATSHOUDER K-93: geen decretale tekst. Vervang dit bestand door de officiële lijst van directie.
K-;94;K-94;PLAATSHOUDER K-94: geen decretale tekst. Vervang dit bestand door de officiële lijst van directie.
K-;95;K-95;PLAATSHOUDER K-95: geen decretale tekst. Vervang dit bestand door de officiële lijst van directie.
K-;96;K-96;PLAATSHOUDER K-96: geen decretale tekst. Vervang dit bestand door de officiële lijst van directie.
K-;97;K-97;PLAATSHOUDER K-97: geen decretale tekst. Vervang dit bestand door de officiële lijst van directie.
K-;98;K-98;PLAATSHOUDER K-98: geen decretale tekst. Vervang dit bestand door de officiële lijst van directie.
K-;99;K-99;PLAATSHOUDER K-99: geen decretale tekst. Vervang dit bestand door de officiële lijst van directie.
K-;100;K-100;PLAATSHOUDER K-100: geen decretale tekst. Vervang dit bestand door de officiële lijst van directie.
K-;101;K-101;PLAATSHOUDER K-101: geen decretale tekst. Vervang dit bestand door de officiële lijst van directie.
K-;102;K-102;PLAATSHOUDER K-102: geen decretale tekst. Vervang dit bestand door de officiële lijst van directie.
K-;103;K-103;PLAATSHOUDER K-103: geen decretale tekst. Vervang dit bestand door de officiële lijst van directie.
K-;104;K-104;PLAATSHOUDER K-104: geen decretale tekst. Vervang dit bestand door de officiële lijst van directie.
K-;105;K-105;PLAATSHOUDER K-105: geen decretale tekst. Vervang dit bestand door de officiële lijst van directie.
K-;106;K-106;PLAATSHOUDER K-106: geen decretale tekst. Vervang dit bestand door de officiële lijst van directie.
K-;107;K-107;PLAATSHOUDER K-107: geen decretale tekst. Vervang dit bestand door de officiële lijst van directie.
K-;108;K-108;PLAATSHOUDER K-108: geen decretale tekst. Vervang dit bestand door de officiële lijst van directie.
K-;109;K-109;PLAATSHOUDER K-109: geen decretale tekst. Vervang dit bestand door de officiële lijst van directie.
K-;110;K-110;PLAATSHOUDER K-110: geen decretale tekst. Vervang dit bestand door de officiële lijst van directie.
K-;111;K-111;PLAATSHOUDER K-111: geen decretale tekst. Vervang dit bestand door de officiële lijst van directie.
K-;112;K-112;PLAATSHOUDER K-112: geen decretale tekst. Vervang dit bestand door de officiële lijst van directie.
K-;113;K-113;PLAATSHOUDER K-113: geen decretale tekst. Vervang dit bestand door de officiële lijst van directie.
K-;114;K-114;PLAATSHOUDER K-114: geen decretale tekst. Vervang dit bestand door de officiële lijst van directie.
K-;115;K-115;PLAATSHOUDER K-115: geen decretale tekst. Vervang dit bestand door de officiële lijst van directie.
K-;116;K-116;PLAATSHOUDER K-116: geen decretale tekst. Vervang dit bestand door de officiële lijst van directie.
K-;117;K-117;PLAATSHOUDER K-117: geen decretale tekst. Vervang dit bestand door de officiële lijst van directie.
K-;118;K-118;PLAATSHOUDER K-118: geen decretale tekst. Vervang dit bestand door de officiële lijst van directie.
K-;119;K-119;PLAATSHOUDER K-119: geen decretale tekst. Vervang dit bestand door de officiële lijst van directie.
K-;120;K-120;PLAATSHOUDER K-120: geen decretale tekst. Vervang dit bestand door de officiële lijst van directie.
K-;121;K-121;PLAATSHOUDER K-121: geen decretale tekst. Vervang dit bestand door de officiële lijst van directie.
K-;122;K-122;PLAATSHOUDER K-122: geen decretale tekst. Vervang dit bestand door de officiële lijst van directie.
K-;123;K-123;PLAATSHOUDER K-123: geen decretale tekst. Vervang dit bestand door de officiële lijst van directie.
K-;124;K-124;PLAATSHOUDER K-124: geen decretale tekst. Vervang dit bestand door de officiële lijst van directie.
K-;125;K-125;PLAATSHOUDER K-125: geen decretale tekst. Vervang dit bestand door de officiële lijst van directie.
K-;126;K-126;PLAATSHOUDER K-126: geen decretale tekst. Vervang dit bestand door de officiële lijst van directie.
K-;127;K-127;PLAATSHOUDER K-127: geen decretale tekst. Vervang dit bestand door de officiële lijst van directie.
K-;128;K-128;PLAATSHOUDER K-128: geen decretale tekst. Vervang dit bestand door de officiële lijst van directie.
K-;129;K-129;PLAATSHOUDER K-129: geen decretale tekst. Vervang dit bestand door de officiële lijst van directie.
K-;130;K-130;PLAATSHOUDER K-130: geen decretale tekst. Vervang dit bestand door de officiële lijst van directie.
K-;131;K-131;PLAATSHOUDER K-131: geen decretale tekst. Vervang dit bestand door de officiële lijst van directie.
K-;132;K-132;PLAATSHOUDER K-132: geen decretale tekst. Vervang dit bestand door de officiële lijst van directie.
K-;133;K-133;PLAATSHOUDER K-133: geen decretale tekst. Vervang dit bestand door de officiële lijst van directie.
K-;134;K-134;PLAATSHOUDER K-134: geen decretale tekst. Vervang dit bestand door de officiële lijst van directie.
K-;135;K-135;PLAATSHOUDER K-135: geen decretale tekst. Vervang dit bestand door de officiële lijst van directie.
K-;136;K-136;PLAATSHOUDER K-136: geen decretale tekst. Vervang dit bestand door de officiële lijst van directie.
K-;137;K-137;PLAATSHOUDER K-137: geen decretale tekst. Vervang dit bestand door de officiële lijst van directie.
K-;138;K-138;PLAATSHOUDER K-138: geen decretale tekst. Vervang dit bestand door de officiële lijst van directie.
K-;139;K-139;PLAATSHOUDER K-139: geen decretale tekst. Vervang dit bestand door de officiële lijst van directie.
K-;140;K-140;PLAATSHOUDER K-140: geen decretale tekst. Vervang dit bestand door de officiële lijst van directie.
K-;141;K-141;PLAATSHOUDER K-141: geen decretale tekst. Vervang dit bestand door de officiële lijst van directie.
K-;142;K-142;PLAATSHOUDER K-142: geen decretale tekst. Vervang dit bestand door de officiële lijst van directie.
K-;143;K-143;PLAATSHOUDER K-143: geen decretale tekst. Vervang dit bestand door de officiële lijst van directie.
K-;144;K-144;PLAATSHOUDER K-144: geen decretale tekst. Vervang dit bestand door de officiële lijst van directie.
K-;145;K-145;PLAATSHOUDER K-145: geen decretale tekst. Vervang dit bestand door de officiële lijst van directie.
K-;146;K-146;PLAATSHOUDER K-146: geen decretale tekst. Vervang dit bestand door de officiële lijst van directie.
K-;147;K-147;PLAATSHOUDER K-147: geen decretale tekst. Vervang dit bestand door de officiële lijst van directie.
K-;148;K-148;PLAATSHOUDER K-148: geen decretale tekst. Vervang dit bestand door de officiële lijst van directie.
K-;149;K-149;PLAATSHOUDER K-149: geen decretale tekst. Vervang dit bestand door de officiële lijst van directie.
K-;150;K-150;PLAATSHOUDER K-150: geen decretale tekst. Vervang dit bestand door de officiële lijst van directie.
K-;151;K-151;PLAATSHOUDER K-151: geen decretale tekst. Vervang dit bestand door de officiële lijst van directie.
K-;152;K-152;PLAATSHOUDER K-152: geen decretale tekst. Vervang dit bestand door de officiële lijst van directie.
K-;153;K-153;PLAATSHOUDER K-153: geen decretale tekst. Vervang dit bestand door de officiële lijst van directie.
K-;154;K-154;PLAATSHOUDER K-154: geen decretale tekst. Vervang dit bestand door de officiële lijst van directie.
K-;155;K-155;PLAATSHOUDER K-155: geen decretale tekst. Vervang dit bestand door de officiële lijst van directie.
K-;156;K-156;PLAATSHOUDER K-156: geen decretale tekst. Vervang dit bestand door de officiële lijst van directie.
K-;157;K-157;PLAATSHOUDER K-157: geen decretale tekst. Vervang dit bestand door de officiële lijst van directie.
K-;158;K-158;PLAATSHOUDER K-158: geen decretale tekst. Vervang dit bestand door de officiële lijst van directie.
K-;159;K-159;PLAATSHOUDER K-159: geen decretale tekst. Vervang dit bestand door de officiële lijst van directie.
K-;160;K-160;PLAATSHOUDER K-160: geen decretale tekst. Vervang dit bestand door de officiële lijst van directie.
K-;161;K-161;PLAATSHOUDER K-161: geen decretale tekst. Vervang dit bestand door de officiële lijst van directie.
K-;162;K-162;PLAATSHOUDER K-162: geen decretale tekst. Vervang dit bestand door de officiële lijst van directie.
K-;163;K-163;PLAATSHOUDER K-163: geen decretale tekst. Vervang dit bestand door de officiële lijst van directie.
K-;164;K-164;PLAATSHOUDER K-164: geen decretale tekst. Vervang dit bestand door de officiële lijst van directie.
K-;165;K-165;PLAATSHOUDER K-165: geen decretale tekst. Vervang dit bestand door de officiële lijst van directie.
K-;166;K-166;PLAATSHOUDER K-166: geen decretale tekst. Vervang dit bestand door de officiële lijst van directie.
K-;167;K-167;PLAATSHOUDER K-167: geen decretale tekst. Vervang dit bestand door de officiële lijst van directie.
K-;168;K-168;PLAATSHOUDER K-168: geen decretale tekst. Vervang dit bestand door de officiële lijst van directie.
K-;169;K-169;PLAATSHOUDER K-169: geen decretale tekst. Vervang dit bestand door de officiële lijst van directie.
K-;170;K-170;PLAATSHOUDER K-170: geen decretale tekst. Vervang dit bestand door de officiële lijst van directie.
K-;171;K-171;PLAATSHOUDER K-171: geen decretale tekst. Vervang dit bestand door de officiële lijst van directie.
K-;172;K-172;PLAATSHOUDER K-172: geen decretale tekst. Vervang dit bestand door de officiële lijst van directie.
K-;173;K-173;PLAATSHOUDER K-173: geen decretale tekst. Vervang dit bestand door de officiële lijst van directie.
K-;174;K-174;PLAATSHOUDER K-174: geen decretale tekst. Vervang dit bestand door de officiële lijst van directie.
K-;175;K-175;PLAATSHOUDER K-175: geen decretale tekst. Vervang dit bestand door de officiële lijst van directie.
K-;176;K-176;PLAATSHOUDER K-176: geen decretale tekst. Vervang dit bestand door de officiële lijst van directie.
K-;177;K-177;PLAATSHOUDER K-177: geen decretale tekst. Vervang dit bestand door de officiële lijst van directie.
K-;178;K-178;PLAATSHOUDER K-178: geen decretale tekst. Vervang dit bestand door de officiële lijst van directie.
K-;179;K-179;PLAATSHOUDER K-179: geen decretale tekst. Vervang dit bestand door de officiële lijst van directie.
K-;180;K-180;PLAATSHOUDER K-180: geen decretale tekst. Vervang dit bestand door de officiële lijst van directie.
K-;181;K-181;PLAATSHOUDER K-181: geen decretale tekst. Vervang dit bestand door de officiële lijst van directie.
K-;182;K-182;PLAATSHOUDER K-182: geen decretale tekst. Vervang dit bestand door de officiële lijst van directie.
K-;183;K-183;PLAATSHOUDER K-183: geen decretale tekst. Vervang dit bestand door de officiële lijst van directie.
K-;184;K-184;PLAATSHOUDER K-184: geen decretale tekst. Vervang dit bestand door de officiële lijst van directie.
K-;185;K-185;PLAATSHOUDER K-185: geen decretale tekst. Vervang dit bestand door de officiële lijst van directie.
K-;186;K-186;PLAATSHOUDER K-186: geen decretale tekst. Vervang dit bestand door de officiële lijst van directie.
K-;187;K-187;PLAATSHOUDER K-187: geen decretale tekst. Vervang dit bestand door de officiële lijst van directie.
K-;188;K-188;PLAATSHOUDER K-188: geen decretale tekst. Vervang dit bestand door de officiële lijst van directie.
K-;189;K-189;PLAATSHOUDER K-189: geen decretale tekst. Vervang dit bestand door de officiële lijst van directie.
K-;190;K-190;PLAATSHOUDER K-190: geen decretale tekst. Vervang dit bestand door de officiële lijst van directie.
K-;191;K-191;PLAATSHOUDER K-191: geen decretale tekst. Vervang dit bestand door de officiële lijst van directie.
K-;192;K-192;PLAATSHOUDER K-192: geen decretale tekst. Vervang dit bestand door de officiële lijst van directie.
K-;193;K-193;PLAATSHOUDER K-193: geen decretale tekst. Vervang dit bestand door de officiële lijst van directie.
K-;194;K-194;PLAATSHOUDER K-194: geen decretale tekst. Vervang dit bestand door de officiële lijst van directie.
K-;195;K-195;PLAATSHOUDER K-195: geen decretale tekst. Vervang dit bestand door de officiële lijst van directie.
K-;196;K-196;PLAATSHOUDER K-196: geen decretale tekst. Vervang dit bestand door de officiële lijst van directie.
K-;197;K-197;PLAATSHOUDER K-197: geen decretale tekst. Vervang dit bestand door de officiële lijst van directie.
K-;198;K-198;PLAATSHOUDER K-198: geen decretale tekst. Vervang dit bestand door de officiële lijst van directie.
K-;199;K-199;PLAATSHOUDER K-199: geen decretale tekst. Vervang dit bestand door de officiële lijst van directie.
K-;200;K-200;PLAATSHOUDER K-200: geen decretale tekst. Vervang dit bestand door de officiële lijst van directie.
4-;1;4-1;PLAATSHOUDER 4-1: geen decretale tekst. Vervang dit bestand door de officiële lijst van directie.
4-;01;4-01;PLAATSHOUDER 4-01: geen decretale tekst. Vervang dit bestand door de officiële lijst van directie.
4-;2;4-2;PLAATSHOUDER 4-2: geen decretale tekst. Vervang dit bestand door de officiële lijst van directie.
4-;02;4-02;PLAATSHOUDER 4-02: geen decretale tekst. Vervang dit bestand door de officiële lijst van directie.
4-;3;4-3;PLAATSHOUDER 4-3: geen decretale tekst. Vervang dit bestand door de officiële lijst van directie.
4-;03;4-03;PLAATSHOUDER 4-03: geen decretale tekst. Vervang dit bestand door de officiële lijst van directie.
4-;4;4-4;PLAATSHOUDER 4-4: geen decretale tekst. Vervang dit bestand door de officiële lijst van directie.
4-;04;4-04;PLAATSHOUDER 4-04: geen decretale tekst. Vervang dit bestand door de officiële lijst van directie.
4-;5;4-5;PLAATSHOUDER 4-5: geen decretale tekst. Vervang dit bestand door de officiële lijst van directie.
4-;05;4-05;PLAATSHOUDER 4-05: geen decretale tekst. Vervang dit bestand door de officiële lijst van directie.
4-;6;4-6;PLAATSHOUDER 4-6: geen decretale tekst. Vervang dit bestand door de officiële lijst van directie.
4-;06;4-06;PLAATSHOUDER 4-06: geen decretale tekst. Vervang dit bestand door de officiële lijst van directie.
4-;7;4-7;PLAATSHOUDER 4-7: geen decretale tekst. Vervang dit bestand door de officiële lijst van directie.
4-;07;4-07;PLAATSHOUDER 4-07: geen decretale tekst. Vervang dit bestand door de officiële lijst van directie.
4-;8;4-8;PLAATSHOUDER 4-8: geen decretale tekst. Vervang dit bestand door de officiële lijst van directie.
4-;08;4-08;PLAATSHOUDER 4-08: geen decretale tekst. Vervang dit bestand door de officiële lijst van directie.
4-;9;4-9;PLAATSHOUDER 4-9: geen decretale tekst. Vervang dit bestand door de officiële lijst van directie.
4-;09;4-09;PLAATSHOUDER 4-09: geen decretale tekst. Vervang dit bestand door de officiële lijst van directie.
4-;10;4-10;PLAATSHOUDER 4-10: geen decretale tekst. Vervang dit bestand door de officiële lijst van directie.
4-;11;4-11;PLAATSHOUDER 4-11: geen decretale tekst. Vervang dit bestand door de officiële lijst van directie.
4-;12;4-12;PLAATSHOUDER 4-12: geen decretale tekst. Vervang dit bestand door de officiële lijst van directie.
4-;13;4-13;PLAATSHOUDER 4-13: geen decretale tekst. Vervang dit bestand door de officiële lijst van directie.
4-;14;4-14;PLAATSHOUDER 4-14: geen decretale tekst. Vervang dit bestand door de officiële lijst van directie.
4-;15;4-15;PLAATSHOUDER 4-15: geen decretale tekst. Vervang dit bestand door de officiële lijst van directie.
4-;16;4-16;PLAATSHOUDER 4-16: geen decretale tekst. Vervang dit bestand door de officiële lijst van directie.
4-;17;4-17;PLAATSHOUDER 4-17: geen decretale tekst. Vervang dit bestand door de officiële lijst van directie.
4-;18;4-18;PLAATSHOUDER 4-18: geen decretale tekst. Vervang dit bestand door de officiële lijst van directie.
4-;19;4-19;PLAATSHOUDER 4-19: geen decretale tekst. Vervang dit bestand door de officiële lijst van directie.
4-;20;4-20;PLAATSHOUDER 4-20: geen decretale tekst. Vervang dit bestand door de officiële lijst van directie.
4-;21;4-21;PLAATSHOUDER 4-21: geen decretale tekst. Vervang dit bestand door de officiële lijst van directie.
4-;22;4-22;PLAATSHOUDER 4-22: geen decretale tekst. Vervang dit bestand door de officiële lijst van directie.
4-;23;4-23;PLAATSHOUDER 4-23: geen decretale tekst. Vervang dit bestand door de officiële lijst van directie.
4-;24;4-24;PLAATSHOUDER 4-24: geen decretale tekst. Vervang dit bestand door de officiële lijst van directie.
4-;25;4-25;PLAATSHOUDER 4-25: geen decretale tekst. Vervang dit bestand door de officiële lijst van directie.
4-;26;4-26;PLAATSHOUDER 4-26: geen decretale tekst. Vervang dit bestand door de officiële lijst van directie.
4-;27;4-27;PLAATSHOUDER 4-27: geen decretale tekst. Vervang dit bestand door de officiële lijst van directie.
4-;28;4-28;PLAATSHOUDER 4-28: geen decretale tekst. Vervang dit bestand door de officiële lijst van directie.
4-;29;4-29;PLAATSHOUDER 4-29: geen decretale tekst. Vervang dit bestand door de officiële lijst van directie.
4-;30;4-30;PLAATSHOUDER 4-30: geen decretale tekst. Vervang dit bestand door de officiële lijst van directie.
4-;31;4-31;PLAATSHOUDER 4-31: geen decretale tekst. Vervang dit bestand door de officiële lijst van directie.
4-;32;4-32;PLAATSHOUDER 4-32: geen decretale tekst. Vervang dit bestand door de officiële lijst van directie.
4-;33;4-33;PLAATSHOUDER 4-33: geen decretale tekst. Vervang dit bestand door de officiële lijst van directie.
4-;34;4-34;PLAATSHOUDER 4-34: geen decretale tekst. Vervang dit bestand door de officiële lijst van directie.
4-;35;4-35;PLAATSHOUDER 4-35: geen decretale tekst. Vervang dit bestand door de officiële lijst van directie.
4-;36;4-36;PLAATSHOUDER 4-36: geen decretale tekst. Vervang dit bestand door de officiële lijst van directie.
4-;37;4-37;PLAATSHOUDER 4-37: geen decretale tekst. Vervang dit bestand door de officiële lijst van directie.
4-;38;4-38;PLAATSHOUDER 4-38: geen decretale tekst. Vervang dit bestand door de officiële lijst van directie.
4-;39;4-39;PLAATSHOUDER 4-39: geen decretale tekst. Vervang dit bestand door de officiële lijst van directie.
4-;40;4-40;PLAATSHOUDER 4-40: geen decretale tekst. Vervang dit bestand door de officiële lijst van directie.
4-;41;4-41;PLAATSHOUDER 4-41: geen decretale tekst. Vervang dit bestand door de officiële lijst van directie.
4-;42;4-42;PLAATSHOUDER 4-42: geen decretale tekst. Vervang dit bestand door de officiële lijst van directie.
4-;43;4-43;PLAATSHOUDER 4-43: geen decretale tekst. Vervang dit bestand door de officiële lijst van directie.
4-;44;4-44;PLAATSHOUDER 4-44: geen decretale tekst. Vervang dit bestand door de officiële lijst van directie.
4-;45;4-45;PLAATSHOUDER 4-45: geen decretale tekst. Vervang dit bestand door de officiële lijst van directie.
4-;46;4-46;PLAATSHOUDER 4-46: geen decretale tekst. Vervang dit bestand door de officiële lijst van directie.
4-;47;4-47;PLAATSHOUDER 4-47: geen decretale tekst. Vervang dit bestand door de officiële lijst van directie.
4-;48;4-48;PLAATSHOUDER 4-48: geen decretale tekst. Vervang dit bestand door de officiële lijst van directie.
4-;49;4-49;PLAATSHOUDER 4-49: geen decretale tekst. Vervang dit bestand door de officiële lijst van directie.
4-;50;4-50;PLAATSHOUDER 4-50: geen decretale tekst. Vervang dit bestand door de officiële lijst van directie.
4-;51;4-51;PLAATSHOUDER 4-51: geen decretale tekst. Vervang dit bestand door de officiële lijst van directie.
4-;52;4-52;PLAATSHOUDER 4-52: geen decretale tekst. Vervang dit bestand door de officiële lijst van directie.
4-;53;4-53;PLAATSHOUDER 4-53: geen decretale tekst. Vervang dit bestand door de officiële lijst van directie.
4-;54;4-54;PLAATSHOUDER 4-54: geen decretale tekst. Vervang dit bestand door de officiële lijst van directie.
4-;55;4-55;PLAATSHOUDER 4-55: geen decretale tekst. Vervang dit bestand door de officiële lijst van directie.
4-;56;4-56;PLAATSHOUDER 4-56: geen decretale tekst. Vervang dit bestand door de officiële lijst van directie.
4-;57;4-57;PLAATSHOUDER 4-57: geen decretale tekst. Vervang dit bestand door de officiële lijst van directie.
4-;58;4-58;PLAATSHOUDER 4-58: geen decretale tekst. Vervang dit bestand door de officiële lijst van directie.
4-;59;4-59;PLAATSHOUDER 4-59: geen decretale tekst. Vervang dit bestand door de officiële lijst van directie.
4-;60;4-60;PLAATSHOUDER 4-60: geen decretale tekst. Vervang dit bestand door de officiële lijst van directie.
4-;61;4-61;PLAATSHOUDER 4-61: geen decretale tekst. Vervang dit bestand door de officiële lijst van directie.
4-;62;4-62;PLAATSHOUDER 4-62: geen decretale tekst. Vervang dit bestand door de officiële lijst van directie.
4-;63;4-63;PLAATSHOUDER 4-63: geen decretale tekst. Vervang dit bestand door de officiële lijst van directie.
4-;64;4-64;PLAATSHOUDER 4-64: geen decretale tekst. Vervang dit bestand door de officiële lijst van directie.
4-;65;4-65;PLAATSHOUDER 4-65: geen decretale tekst. Vervang dit bestand door de officiële lijst van directie.
4-;66;4-66;PLAATSHOUDER 4-66: geen decretale tekst. Vervang dit bestand door de officiële lijst van directie.
4-;67;4-67;PLAATSHOUDER 4-67: geen decretale tekst. Vervang dit bestand door de officiële lijst van directie.
4-;68;4-68;PLAATSHOUDER 4-68: geen decretale tekst. Vervang dit bestand door de officiële lijst van directie.
4-;69;4-69;PLAATSHOUDER 4-69: geen decretale tekst. Vervang dit bestand door de officiële lijst van directie.
4-;70;4-70;PLAATSHOUDER 4-70: geen decretale tekst. Vervang dit bestand door de officiële lijst van directie.
4-;71;4-71;PLAATSHOUDER 4-71: geen decretale tekst. Vervang dit bestand door de officiële lijst van directie.
4-;72;4-72;PLAATSHOUDER 4-72: geen decretale tekst. Vervang dit bestand door de officiële lijst van directie.
4-;73;4-73;PLAATSHOUDER 4-73: geen decretale tekst. Vervang dit bestand door de officiële lijst van directie.
4-;74;4-74;PLAATSHOUDER 4-74: geen decretale tekst. Vervang dit bestand door de officiële lijst van directie.
4-;75;4-75;PLAATSHOUDER 4-75: geen decretale tekst. Vervang dit bestand door de officiële lijst van directie.
4-;76;4-76;PLAATSHOUDER 4-76: geen decretale tekst. Vervang dit bestand door de officiële lijst van directie.
4-;77;4-77;PLAATSHOUDER 4-77: geen decretale tekst. Vervang dit bestand door de officiële lijst van directie.
4-;78;4-78;PLAATSHOUDER 4-78: geen decretale tekst. Vervang dit bestand door de officiële lijst van directie.
4-;79;4-79;PLAATSHOUDER 4-79: geen decretale tekst. Vervang dit bestand door de officiële lijst van directie.
4-;80;4-80;PLAATSHOUDER 4-80: geen decretale tekst. Vervang dit bestand door de officiële lijst van directie.
4-;81;4-81;PLAATSHOUDER 4-81: geen decretale tekst. Vervang dit bestand door de officiële lijst van directie.
4-;82;4-82;PLAATSHOUDER 4-82: geen decretale tekst. Vervang dit bestand door de officiële lijst van directie.
4-;83;4-83;PLAATSHOUDER 4-83: geen decretale tekst. Vervang dit bestand door de officiële lijst van directie.
4-;84;4-84;PLAATSHOUDER 4-84: geen decretale tekst. Vervang dit bestand door de officiële lijst van directie.
4-;85;4-85;PLAATSHOUDER 4-85: geen decretale tekst. Vervang dit bestand door de officiële lijst van directie.
4-;86;4-86;PLAATSHOUDER 4-86: geen decretale tekst. Vervang dit bestand door de officiële lijst van directie.
4-;87;4-87;PLAATSHOUDER 4-87: geen decretale tekst. Vervang dit bestand door de officiële lijst van directie.
4-;88;4-88;PLAATSHOUDER 4-88: geen decretale tekst. Vervang dit bestand door de officiële lijst van directie.
4-;89;4-89;PLAATSHOUDER 4-89: geen decretale tekst. Vervang dit bestand door de officiële lijst van directie.
4-;90;4-90;PLAATSHOUDER 4-90: geen decretale tekst. Vervang dit bestand door de officiële lijst van directie.
4-;91;4-91;PLAATSHOUDER 4-91: geen decretale tekst. Vervang dit bestand door de officiële lijst van directie.
4-;92;4-92;PLAATSHOUDER 4-92: geen decretale tekst. Vervang dit bestand door de officiële lijst van directie.
4-;93;4-93;PLAATSHOUDER 4-93: geen decretale tekst. Vervang dit bestand door de officiële lijst van directie.
4-;94;4-94;PLAATSHOUDER 4-94: geen decretale tekst. Vervang dit bestand door de officiële lijst van directie.
4-;95;4-95;PLAATSHOUDER 4-95: geen decretale tekst. Vervang dit bestand door de officiële lijst van directie.
4-;96;4-96;PLAATSHOUDER 4-96: geen decretale tekst. Vervang dit bestand door de officiële lijst van directie.
4-;97;4-97;PLAATSHOUDER 4-97: geen decretale tekst. Vervang dit bestand door de officiële lijst van directie.
4-;98;4-98;PLAATSHOUDER 4-98: geen decretale tekst. Vervang dit bestand door de officiële lijst van directie.
4-;99;4-99;PLAATSHOUDER 4-99: geen decretale tekst. Vervang dit bestand door de officiële lijst van directie.
4-;100;4-100;PLAATSHOUDER 4-100: geen decretale tekst. Vervang dit bestand door de officiële lijst van directie.
4-;101;4-101;PLAATSHOUDER 4-101: geen decretale tekst. Vervang dit bestand door de officiële lijst van directie.
4-;102;4-102;PLAATSHOUDER 4-102: geen decretale tekst. Vervang dit bestand door de officiële lijst van directie.
4-;103;4-103;PLAATSHOUDER 4-103: geen decretale tekst. Vervang dit bestand door de officiële lijst van directie.
4-;104;4-104;PLAATSHOUDER 4-104: geen decretale tekst. Vervang dit bestand door de officiële lijst van directie.
4-;105;4-105;PLAATSHOUDER 4-105: geen decretale tekst. Vervang dit bestand door de officiële lijst van directie.
4-;106;4-106;PLAATSHOUDER 4-106: geen decretale tekst. Vervang dit bestand door de officiële lijst van directie.
4-;107;4-107;PLAATSHOUDER 4-107: geen decretale tekst. Vervang dit bestand door de officiële lijst van directie.
4-;108;4-108;PLAATSHOUDER 4-108: geen decretale tekst. Vervang dit bestand door de officiële lijst van directie.
4-;109;4-109;PLAATSHOUDER 4-109: geen decretale tekst. Vervang dit bestand door de officiële lijst van directie.
4-;110;4-110;PLAATSHOUDER 4-110: geen decretale tekst. Vervang dit bestand door de officiële lijst van directie.
4-;111;4-111;PLAATSHOUDER 4-111: geen decretale tekst. Vervang dit bestand door de officiële lijst van directie.
4-;112;4-112;PLAATSHOUDER 4-112: geen decretale tekst. Vervang dit bestand door de officiële lijst van directie.
4-;113;4-113;PLAATSHOUDER 4-113: geen decretale tekst. Vervang dit bestand door de officiële lijst van directie.
4-;114;4-114;PLAATSHOUDER 4-114: geen decretale tekst. Vervang dit bestand door de officiële lijst van directie.
4-;115;4-115;PLAATSHOUDER 4-115: geen decretale tekst. Vervang dit bestand door de officiële lijst van directie.
4-;116;4-116;PLAATSHOUDER 4-116: geen decretale tekst. Vervang dit bestand door de officiële lijst van directie.
4-;117;4-117;PLAATSHOUDER 4-117: geen decretale tekst. Vervang dit bestand door de officiële lijst van directie.
4-;118;4-118;PLAATSHOUDER 4-118: geen decretale tekst. Vervang dit bestand door de officiële lijst van directie.
4-;119;4-119;PLAATSHOUDER 4-119: geen decretale tekst. Vervang dit bestand door de officiële lijst van directie.
4-;120;4-120;PLAATSHOUDER 4-120: geen decretale tekst. Vervang dit bestand door de officiële lijst van directie.
4-;121;4-121;PLAATSHOUDER 4-121: geen decretale tekst. Vervang dit bestand door de officiële lijst van directie.
4-;122;4-122;PLAATSHOUDER 4-122: geen decretale tekst. Vervang dit bestand door de officiële lijst van directie.
4-;123;4-123;PLAATSHOUDER 4-123: geen decretale tekst. Vervang dit bestand door de officiële lijst van directie.
4-;124;4-124;PLAATSHOUDER 4-124: geen decretale tekst. Vervang dit bestand door de officiële lijst van directie.
4-;125;4-125;PLAATSHOUDER 4-125: geen decretale tekst. Vervang dit bestand door de officiële lijst van directie.
4-;126;4-126;PLAATSHOUDER 4-126: geen decretale tekst. Vervang dit bestand door de officiële lijst van directie.
4-;127;4-127;PLAATSHOUDER 4-127: geen decretale tekst. Vervang dit bestand door de officiële lijst van directie.
4-;128;4-128;PLAATSHOUDER 4-128: geen decretale tekst. Vervang dit bestand door de officiële lijst van directie.
4-;129;4-129;PLAATSHOUDER 4-129: geen decretale tekst. Vervang dit bestand door de officiële lijst van directie.
4-;130;4-130;PLAATSHOUDER 4-130: geen decretale tekst. Vervang dit bestand door de officiële lijst van directie.
4-;131;4-131;PLAATSHOUDER 4-131: geen decretale tekst. Vervang dit bestand door de officiële lijst van directie.
4-;132;4-132;PLAATSHOUDER 4-132: geen decretale tekst. Vervang dit bestand door de officiële lijst van directie.
4-;133;4-133;PLAATSHOUDER 4-133: geen decretale tekst. Vervang dit bestand door de officiële lijst van directie.
4-;134;4-134;PLAATSHOUDER 4-134: geen decretale tekst. Vervang dit bestand door de officiële lijst van directie.
4-;135;4-135;PLAATSHOUDER 4-135: geen decretale tekst. Vervang dit bestand door de officiële lijst van directie.
4-;136;4-136;PLAATSHOUDER 4-136: geen decretale tekst. Vervang dit bestand door de officiële lijst van directie.
4-;137;4-137;PLAATSHOUDER 4-137: geen decretale tekst. Vervang dit bestand door de officiële lijst van directie.
4-;138;4-138;PLAATSHOUDER 4-138: geen decretale tekst. Vervang dit bestand door de officiële lijst van directie.
4-;139;4-139;PLAATSHOUDER 4-139: geen decretale tekst. Vervang dit bestand door de officiële lijst van directie.
4-;140;4-140;PLAATSHOUDER 4-140: geen decretale tekst. Vervang dit bestand door de officiële lijst van directie.
4-;141;4-141;PLAATSHOUDER 4-141: geen decretale tekst. Vervang dit bestand door de officiële lijst van directie.
4-;142;4-142;PLAATSHOUDER 4-142: geen decretale tekst. Vervang dit bestand door de officiële lijst van directie.
4-;143;4-143;PLAATSHOUDER 4-143: geen decretale tekst. Vervang dit bestand door de officiële lijst van directie.
4-;144;4-144;PLAATSHOUDER 4-144: geen decretale tekst. Vervang dit bestand door de officiële lijst van directie.
4-;145;4-145;PLAATSHOUDER 4-145: geen decretale tekst. Vervang dit bestand door de officiële lijst van directie.
4-;146;4-146;PLAATSHOUDER 4-146: geen decretale tekst. Vervang dit bestand door de officiële lijst van directie.
4-;147;4-147;PLAATSHOUDER 4-147: geen decretale tekst. Vervang dit bestand door de officiële lijst van directie.
4-;148;4-148;PLAATSHOUDER 4-148: geen decretale tekst. Vervang dit bestand door de officiële lijst van directie.
4-;149;4-149;PLAATSHOUDER 4-149: geen decretale tekst. Vervang dit bestand door de officiële lijst van directie.
4-;150;4-150;PLAATSHOUDER 4-150: geen decretale tekst. Vervang dit bestand door de officiële lijst van directie.
4-;151;4-151;PLAATSHOUDER 4-151: geen decretale tekst. Vervang dit bestand door de officiële lijst van directie.
4-;152;4-152;PLAATSHOUDER 4-152: geen decretale tekst. Vervang dit bestand door de officiële lijst van directie.
4-;153;4-153;PLAATSHOUDER 4-153: geen decretale tekst. Vervang dit bestand door de officiële lijst van directie.
4-;154;4-154;PLAATSHOUDER 4-154: geen decretale tekst. Vervang dit bestand door de officiële lijst van directie.
4-;155;4-155;PLAATSHOUDER 4-155: geen decretale tekst. Vervang dit bestand door de officiële lijst van directie.
4-;156;4-156;PLAATSHOUDER 4-156: geen decretale tekst. Vervang dit bestand door de officiële lijst van directie.
4-;157;4-157;PLAATSHOUDER 4-157: geen decretale tekst. Vervang dit bestand door de officiële lijst van directie.
4-;158;4-158;PLAATSHOUDER 4-158: geen decretale tekst. Vervang dit bestand door de officiële lijst van directie.
4-;159;4-159;PLAATSHOUDER 4-159: geen decretale tekst. Vervang dit bestand door de officiële lijst van directie.
4-;160;4-160;PLAATSHOUDER 4-160: geen decretale tekst. Vervang dit bestand door de officiële lijst van directie.
4-;161;4-161;PLAATSHOUDER 4-161: geen decretale tekst. Vervang dit bestand door de officiële lijst van directie.
4-;162;4-162;PLAATSHOUDER 4-162: geen decretale tekst. Vervang dit bestand door de officiële lijst van directie.
4-;163;4-163;PLAATSHOUDER 4-163: geen decretale tekst. Vervang dit bestand door de officiële lijst van directie.
4-;164;4-164;PLAATSHOUDER 4-164: geen decretale tekst. Vervang dit bestand door de officiële lijst van directie.
4-;165;4-165;PLAATSHOUDER 4-165: geen decretale tekst. Vervang dit bestand door de officiële lijst van directie.
4-;166;4-166;PLAATSHOUDER 4-166: geen decretale tekst. Vervang dit bestand door de officiële lijst van directie.
4-;167;4-167;PLAATSHOUDER 4-167: geen decretale tekst. Vervang dit bestand door de officiële lijst van directie.
4-;168;4-168;PLAATSHOUDER 4-168: geen decretale tekst. Vervang dit bestand door de officiële lijst van directie.
4-;169;4-169;PLAATSHOUDER 4-169: geen decretale tekst. Vervang dit bestand door de officiële lijst van directie.
4-;170;4-170;PLAATSHOUDER 4-170: geen decretale tekst. Vervang dit bestand door de officiële lijst van directie.
4-;171;4-171;PLAATSHOUDER 4-171: geen decretale tekst. Vervang dit bestand door de officiële lijst van directie.
4-;172;4-172;PLAATSHOUDER 4-172: geen decretale tekst. Vervang dit bestand door de officiële lijst van directie.
4-;173;4-173;PLAATSHOUDER 4-173: geen decretale tekst. Vervang dit bestand door de officiële lijst van directie.
4-;174;4-174;PLAATSHOUDER 4-174: geen decretale tekst. Vervang dit bestand door de officiële lijst van directie.
4-;175;4-175;PLAATSHOUDER 4-175: geen decretale tekst. Vervang dit bestand door de officiële lijst van directie.
4-;176;4-176;PLAATSHOUDER 4-176: geen decretale tekst. Vervang dit bestand door de officiële lijst van directie.
4-;177;4-177;PLAATSHOUDER 4-177: geen decretale tekst. Vervang dit bestand door de officiële lijst van directie.
4-;178;4-178;PLAATSHOUDER 4-178: geen decretale tekst. Vervang dit bestand door de officiële lijst van directie.
4-;179;4-179;PLAATSHOUDER 4-179: geen decretale tekst. Vervang dit bestand door de officiële lijst van directie.
4-;180;4-180;PLAATSHOUDER 4-180: geen decretale tekst. Vervang dit bestand door de officiële lijst van directie.
4-;181;4-181;PLAATSHOUDER 4-181: geen decretale tekst. Vervang dit bestand door de officiële lijst van directie.
4-;182;4-182;PLAATSHOUDER 4-182: geen decretale tekst. Vervang dit bestand door de officiële lijst van directie.
4-;183;4-183;PLAATSHOUDER 4-183: geen decretale tekst. Vervang dit bestand door de officiële lijst van directie.
4-;184;4-184;PLAATSHOUDER 4-184: geen decretale tekst. Vervang dit bestand door de officiële lijst van directie.
4-;185;4-185;PLAATSHOUDER 4-185: geen decretale tekst. Vervang dit bestand door de officiële lijst van directie.
4-;186;4-186;PLAATSHOUDER 4-186: geen decretale tekst. Vervang dit bestand door de officiële lijst van directie.
4-;187;4-187;PLAATSHOUDER 4-187: geen decretale tekst. Vervang dit bestand door de officiële lijst van directie.
4-;188;4-188;PLAATSHOUDER 4-188: geen decretale tekst. Vervang dit bestand door de officiële lijst van directie.
4-;189;4-189;PLAATSHOUDER 4-189: geen decretale tekst. Vervang dit bestand door de officiële lijst van directie.
4-;190;4-190;PLAATSHOUDER 4-190: geen decretale tekst. Vervang dit bestand door de officiële lijst van directie.
4-;191;4-191;PLAATSHOUDER 4-191: geen decretale tekst. Vervang dit bestand door de officiële lijst van directie.
4-;192;4-192;PLAATSHOUDER 4-192: geen decretale tekst. Vervang dit bestand door de officiële lijst van directie.
4-;193;4-193;PLAATSHOUDER 4-193: geen decretale tekst. Vervang dit bestand door de officiële lijst van directie.
4-;194;4-194;PLAATSHOUDER 4-194: geen decretale tekst. Vervang dit bestand door de officiële lijst van directie.
4-;195;4-195;PLAATSHOUDER 4-195: geen decretale tekst. Vervang dit bestand door de officiële lijst van directie.
4-;196;4-196;PLAATSHOUDER 4-196: geen decretale tekst. Vervang dit bestand door de officiële lijst van directie.
4-;197;4-197;PLAATSHOUDER 4-197: geen decretale tekst. Vervang dit bestand door de officiële lijst van directie.
4-;198;4-198;PLAATSHOUDER 4-198: geen decretale tekst. Vervang dit bestand door de officiële lijst van directie.
4-;199;4-199;PLAATSHOUDER 4-199: geen decretale tekst. Vervang dit bestand door de officiële lijst van directie.
4-;200;4-200;PLAATSHOUDER 4-200: geen decretale tekst. Vervang dit bestand door de officiële lijst van directie.
6-;1;6-1;PLAATSHOUDER 6-1: geen decretale tekst. Vervang dit bestand door de officiële lijst van directie.
6-;01;6-01;PLAATSHOUDER 6-01: geen decretale tekst. Vervang dit bestand door de officiële lijst van directie.
6-;2;6-2;PLAATSHOUDER 6-2: geen decretale tekst. Vervang dit bestand door de officiële lijst van directie.
6-;02;6-02;PLAATSHOUDER 6-02: geen decretale tekst. Vervang dit bestand door de officiële lijst van directie.
6-;3;6-3;PLAATSHOUDER 6-3: geen decretale tekst. Vervang dit bestand door de officiële lijst van directie.
6-;03;6-03;PLAATSHOUDER 6-03: geen decretale tekst. Vervang dit bestand door de officiële lijst van directie.
6-;4;6-4;PLAATSHOUDER 6-4: geen decretale tekst. Vervang dit bestand door de officiële lijst van directie.
6-;04;6-04;PLAATSHOUDER 6-04: geen decretale tekst. Vervang dit bestand door de officiële lijst van directie.
6-;5;6-5;PLAATSHOUDER 6-5: geen decretale tekst. Vervang dit bestand door de officiële lijst van directie.
6-;05;6-05;PLAATSHOUDER 6-05: geen decretale tekst. Vervang dit bestand door de officiële lijst van directie.
6-;6;6-6;PLAATSHOUDER 6-6: geen decretale tekst. Vervang dit bestand door de officiële lijst van directie.
6-;06;6-06;PLAATSHOUDER 6-06: geen decretale tekst. Vervang dit bestand door de officiële lijst van directie.
6-;7;6-7;PLAATSHOUDER 6-7: geen decretale tekst. Vervang dit bestand door de officiële lijst van directie.
6-;07;6-07;PLAATSHOUDER 6-07: geen decretale tekst. Vervang dit bestand door de officiële lijst van directie.
6-;8;6-8;PLAATSHOUDER 6-8: geen decretale tekst. Vervang dit bestand door de officiële lijst van directie.
6-;08;6-08;PLAATSHOUDER 6-08: geen decretale tekst. Vervang dit bestand door de officiële lijst van directie.
6-;9;6-9;PLAATSHOUDER 6-9: geen decretale tekst. Vervang dit bestand door de officiële lijst van directie.
6-;09;6-09;PLAATSHOUDER 6-09: geen decretale tekst. Vervang dit bestand door de officiële lijst van directie.
6-;10;6-10;PLAATSHOUDER 6-10: geen decretale tekst. Vervang dit bestand door de officiële lijst van directie.
6-;11;6-11;PLAATSHOUDER 6-11: geen decretale tekst. Vervang dit bestand door de officiële lijst van directie.
6-;12;6-12;PLAATSHOUDER 6-12: geen decretale tekst. Vervang dit bestand door de officiële lijst van directie.
6-;13;6-13;PLAATSHOUDER 6-13: geen decretale tekst. Vervang dit bestand door de officiële lijst van directie.
6-;14;6-14;PLAATSHOUDER 6-14: geen decretale tekst. Vervang dit bestand door de officiële lijst van directie.
6-;15;6-15;PLAATSHOUDER 6-15: geen decretale tekst. Vervang dit bestand door de officiële lijst van directie.
6-;16;6-16;PLAATSHOUDER 6-16: geen decretale tekst. Vervang dit bestand door de officiële lijst van directie.
6-;17;6-17;PLAATSHOUDER 6-17: geen decretale tekst. Vervang dit bestand door de officiële lijst van directie.
6-;18;6-18;PLAATSHOUDER 6-18: geen decretale tekst. Vervang dit bestand door de officiële lijst van directie.
6-;19;6-19;PLAATSHOUDER 6-19: geen decretale tekst. Vervang dit bestand door de officiële lijst van directie.
6-;20;6-20;PLAATSHOUDER 6-20: geen decretale tekst. Vervang dit bestand door de officiële lijst van directie.
6-;21;6-21;PLAATSHOUDER 6-21: geen decretale tekst. Vervang dit bestand door de officiële lijst van directie.
6-;22;6-22;PLAATSHOUDER 6-22: geen decretale tekst. Vervang dit bestand door de officiële lijst van directie.
6-;23;6-23;PLAATSHOUDER 6-23: geen decretale tekst. Vervang dit bestand door de officiële lijst van directie.
6-;24;6-24;PLAATSHOUDER 6-24: geen decretale tekst. Vervang dit bestand door de officiële lijst van directie.
6-;25;6-25;PLAATSHOUDER 6-25: geen decretale tekst. Vervang dit bestand door de officiële lijst van directie.
6-;26;6-26;PLAATSHOUDER 6-26: geen decretale tekst. Vervang dit bestand door de officiële lijst van directie.
6-;27;6-27;PLAATSHOUDER 6-27: geen decretale tekst. Vervang dit bestand door de officiële lijst van directie.
6-;28;6-28;PLAATSHOUDER 6-28: geen decretale tekst. Vervang dit bestand door de officiële lijst van directie.
6-;29;6-29;PLAATSHOUDER 6-29: geen decretale tekst. Vervang dit bestand door de officiële lijst van directie.
6-;30;6-30;PLAATSHOUDER 6-30: geen decretale tekst. Vervang dit bestand door de officiële lijst van directie.
6-;31;6-31;PLAATSHOUDER 6-31: geen decretale tekst. Vervang dit bestand door de officiële lijst van directie.
6-;32;6-32;PLAATSHOUDER 6-32: geen decretale tekst. Vervang dit bestand door de officiële lijst van directie.
6-;33;6-33;PLAATSHOUDER 6-33: geen decretale tekst. Vervang dit bestand door de officiële lijst van directie.
6-;34;6-34;PLAATSHOUDER 6-34: geen decretale tekst. Vervang dit bestand door de officiële lijst van directie.
6-;35;6-35;PLAATSHOUDER 6-35: geen decretale tekst. Vervang dit bestand door de officiële lijst van directie.
6-;36;6-36;PLAATSHOUDER 6-36: geen decretale tekst. Vervang dit bestand door de officiële lijst van directie.
6-;37;6-37;PLAATSHOUDER 6-37: geen decretale tekst. Vervang dit bestand door de officiële lijst van directie.
6-;38;6-38;PLAATSHOUDER 6-38: geen decretale tekst. Vervang dit bestand door de officiële lijst van directie.
6-;39;6-39;PLAATSHOUDER 6-39: geen decretale tekst. Vervang dit bestand door de officiële lijst van directie.
6-;40;6-40;PLAATSHOUDER 6-40: geen decretale tekst. Vervang dit bestand door de officiële lijst van directie.
6-;41;6-41;PLAATSHOUDER 6-41: geen decretale tekst. Vervang dit bestand door de officiële lijst van directie.
6-;42;6-42;PLAATSHOUDER 6-42: geen decretale tekst. Vervang dit bestand door de officiële lijst van directie.
6-;43;6-43;PLAATSHOUDER 6-43: geen decretale tekst. Vervang dit bestand door de officiële lijst van directie.
6-;44;6-44;PLAATSHOUDER 6-44: geen decretale tekst. Vervang dit bestand door de officiële lijst van directie.
6-;45;6-45;PLAATSHOUDER 6-45: geen decretale tekst. Vervang dit bestand door de officiële lijst van directie.
6-;46;6-46;PLAATSHOUDER 6-46: geen decretale tekst. Vervang dit bestand door de officiële lijst van directie.
6-;47;6-47;PLAATSHOUDER 6-47: geen decretale tekst. Vervang dit bestand door de officiële lijst van directie.
6-;48;6-48;PLAATSHOUDER 6-48: geen decretale tekst. Vervang dit bestand door de officiële lijst van directie.
6-;49;6-49;PLAATSHOUDER 6-49: geen decretale tekst. Vervang dit bestand door de officiële lijst van directie.
6-;50;6-50;PLAATSHOUDER 6-50: geen decretale tekst. Vervang dit bestand door de officiële lijst van directie.
6-;51;6-51;PLAATSHOUDER 6-51: geen decretale tekst. Vervang dit bestand door de officiële lijst van directie.
6-;52;6-52;PLAATSHOUDER 6-52: geen decretale tekst. Vervang dit bestand door de officiële lijst van directie.
6-;53;6-53;PLAATSHOUDER 6-53: geen decretale tekst. Vervang dit bestand door de officiële lijst van directie.
6-;54;6-54;PLAATSHOUDER 6-54: geen decretale tekst. Vervang dit bestand door de officiële lijst van directie.
6-;55;6-55;PLAATSHOUDER 6-55: geen decretale tekst. Vervang dit bestand door de officiële lijst van directie.
6-;56;6-56;PLAATSHOUDER 6-56: geen decretale tekst. Vervang dit bestand door de officiële lijst van directie.
6-;57;6-57;PLAATSHOUDER 6-57: geen decretale tekst. Vervang dit bestand door de officiële lijst van directie.
6-;58;6-58;PLAATSHOUDER 6-58: geen decretale tekst. Vervang dit bestand door de officiële lijst van directie.
6-;59;6-59;PLAATSHOUDER 6-59: geen decretale tekst. Vervang dit bestand door de officiële lijst van directie.
6-;60;6-60;PLAATSHOUDER 6-60: geen decretale tekst. Vervang dit bestand door de officiële lijst van directie.
6-;61;6-61;PLAATSHOUDER 6-61: geen decretale tekst. Vervang dit bestand door de officiële lijst van directie.
6-;62;6-62;PLAATSHOUDER 6-62: geen decretale tekst. Vervang dit bestand door de officiële lijst van directie.
6-;63;6-63;PLAATSHOUDER 6-63: geen decretale tekst. Vervang dit bestand door de officiële lijst van directie.
6-;64;6-64;PLAATSHOUDER 6-64: geen decretale tekst. Vervang dit bestand door de officiële lijst van directie.
6-;65;6-65;PLAATSHOUDER 6-65: geen decretale tekst. Vervang dit bestand door de officiële lijst van directie.
6-;66;6-66;PLAATSHOUDER 6-66: geen decretale tekst. Vervang dit bestand door de officiële lijst van directie.
6-;67;6-67;PLAATSHOUDER 6-67: geen decretale tekst. Vervang dit bestand door de officiële lijst van directie.
6-;68;6-68;PLAATSHOUDER 6-68: geen decretale tekst. Vervang dit bestand door de officiële lijst van directie.
6-;69;6-69;PLAATSHOUDER 6-69: geen decretale tekst. Vervang dit bestand door de officiële lijst van directie.
6-;70;6-70;PLAATSHOUDER 6-70: geen decretale tekst. Vervang dit bestand door de officiële lijst van directie.
6-;71;6-71;PLAATSHOUDER 6-71: geen decretale tekst. Vervang dit bestand door de officiële lijst van directie.
6-;72;6-72;PLAATSHOUDER 6-72: geen decretale tekst. Vervang dit bestand door de officiële lijst van directie.
6-;73;6-73;PLAATSHOUDER 6-73: geen decretale tekst. Vervang dit bestand door de officiële lijst van directie.
6-;74;6-74;PLAATSHOUDER 6-74: geen decretale tekst. Vervang dit bestand door de officiële lijst van directie.
6-;75;6-75;PLAATSHOUDER 6-75: geen decretale tekst. Vervang dit bestand door de officiële lijst van directie.
6-;76;6-76;PLAATSHOUDER 6-76: geen decretale tekst. Vervang dit bestand door de officiële lijst van directie.
6-;77;6-77;PLAATSHOUDER 6-77: geen decretale tekst. Vervang dit bestand door de officiële lijst van directie.
6-;78;6-78;PLAATSHOUDER 6-78: geen decretale tekst. Vervang dit bestand door de officiële lijst van directie.
6-;79;6-79;PLAATSHOUDER 6-79: geen decretale tekst. Vervang dit bestand door de officiële lijst van directie.
6-;80;6-80;PLAATSHOUDER 6-80: geen decretale tekst. Vervang dit bestand door de officiële lijst van directie.
6-;81;6-81;PLAATSHOUDER 6-81: geen decretale tekst. Vervang dit bestand door de officiële lijst van directie.
6-;82;6-82;PLAATSHOUDER 6-82: geen decretale tekst. Vervang dit bestand door de officiële lijst van directie.
6-;83;6-83;PLAATSHOUDER 6-83: geen decretale tekst. Vervang dit bestand door de officiële lijst van directie.
6-;84;6-84;PLAATSHOUDER 6-84: geen decretale tekst. Vervang dit bestand door de officiële lijst van directie.
6-;85;6-85;PLAATSHOUDER 6-85: geen decretale tekst. Vervang dit bestand door de officiële lijst van directie.
6-;86;6-86;PLAATSHOUDER 6-86: geen decretale tekst. Vervang dit bestand door de officiële lijst van directie.
6-;87;6-87;PLAATSHOUDER 6-87: geen decretale tekst. Vervang dit bestand door de officiële lijst van directie.
6-;88;6-88;PLAATSHOUDER 6-88: geen decretale tekst. Vervang dit bestand door de officiële lijst van directie.
6-;89;6-89;PLAATSHOUDER 6-89: geen decretale tekst. Vervang dit bestand door de officiële lijst van directie.
6-;90;6-90;PLAATSHOUDER 6-90: geen decretale tekst. Vervang dit bestand door de officiële lijst van directie.
6-;91;6-91;PLAATSHOUDER 6-91: geen decretale tekst. Vervang dit bestand door de officiële lijst van directie.
6-;92;6-92;PLAATSHOUDER 6-92: geen decretale tekst. Vervang dit bestand door de officiële lijst van directie.
6-;93;6-93;PLAATSHOUDER 6-93: geen decretale tekst. Vervang dit bestand door de officiële lijst van directie.
6-;94;6-94;PLAATSHOUDER 6-94: geen decretale tekst. Vervang dit bestand door de officiële lijst van directie.
6-;95;6-95;PLAATSHOUDER 6-95: geen decretale tekst. Vervang dit bestand door de officiële lijst van directie.
6-;96;6-96;PLAATSHOUDER 6-96: geen decretale tekst. Vervang dit bestand door de officiële lijst van directie.
6-;97;6-97;PLAATSHOUDER 6-97: geen decretale tekst. Vervang dit bestand door de officiële lijst van directie.
6-;98;6-98;PLAATSHOUDER 6-98: geen decretale tekst. Vervang dit bestand door de officiële lijst van directie.
6-;99;6-99;PLAATSHOUDER 6-99: geen decretale tekst. Vervang dit bestand door de officiële lijst van directie.
6-;100;6-100;PLAATSHOUDER 6-100: geen decretale tekst. Vervang dit bestand door de officiële lijst van directie.
6-;101;6-101;PLAATSHOUDER 6-101: geen decretale tekst. Vervang dit bestand door de officiële lijst van directie.
6-;102;6-102;PLAATSHOUDER 6-102: geen decretale tekst. Vervang dit bestand door de officiële lijst van directie.
6-;103;6-103;PLAATSHOUDER 6-103: geen decretale tekst. Vervang dit bestand door de officiële lijst van directie.
6-;104;6-104;PLAATSHOUDER 6-104: geen decretale tekst. Vervang dit bestand door de officiële lijst van directie.
6-;105;6-105;PLAATSHOUDER 6-105: geen decretale tekst. Vervang dit bestand door de officiële lijst van directie.
6-;106;6-106;PLAATSHOUDER 6-106: geen decretale tekst. Vervang dit bestand door de officiële lijst van directie.
6-;107;6-107;PLAATSHOUDER 6-107: geen decretale tekst. Vervang dit bestand door de officiële lijst van directie.
6-;108;6-108;PLAATSHOUDER 6-108: geen decretale tekst. Vervang dit bestand door de officiële lijst van directie.
6-;109;6-109;PLAATSHOUDER 6-109: geen decretale tekst. Vervang dit bestand door de officiële lijst van directie.
6-;110;6-110;PLAATSHOUDER 6-110: geen decretale tekst. Vervang dit bestand door de officiële lijst van directie.
6-;111;6-111;PLAATSHOUDER 6-111: geen decretale tekst. Vervang dit bestand door de officiële lijst van directie.
6-;112;6-112;PLAATSHOUDER 6-112: geen decretale tekst. Vervang dit bestand door de officiële lijst van directie.
6-;113;6-113;PLAATSHOUDER 6-113: geen decretale tekst. Vervang dit bestand door de officiële lijst van directie.
6-;114;6-114;PLAATSHOUDER 6-114: geen decretale tekst. Vervang dit bestand door de officiële lijst van directie.
6-;115;6-115;PLAATSHOUDER 6-115: geen decretale tekst. Vervang dit bestand door de officiële lijst van directie.
6-;116;6-116;PLAATSHOUDER 6-116: geen decretale tekst. Vervang dit bestand door de officiële lijst van directie.
6-;117;6-117;PLAATSHOUDER 6-117: geen decretale tekst. Vervang dit bestand door de officiële lijst van directie.
6-;118;6-118;PLAATSHOUDER 6-118: geen decretale tekst. Vervang dit bestand door de officiële lijst van directie.
6-;119;6-119;PLAATSHOUDER 6-119: geen decretale tekst. Vervang dit bestand door de officiële lijst van directie.
6-;120;6-120;PLAATSHOUDER 6-120: geen decretale tekst. Vervang dit bestand door de officiële lijst van directie.
6-;121;6-121;PLAATSHOUDER 6-121: geen decretale tekst. Vervang dit bestand door de officiële lijst van directie.
6-;122;6-122;PLAATSHOUDER 6-122: geen decretale tekst. Vervang dit bestand door de officiële lijst van directie.
6-;123;6-123;PLAATSHOUDER 6-123: geen decretale tekst. Vervang dit bestand door de officiële lijst van directie.
6-;124;6-124;PLAATSHOUDER 6-124: geen decretale tekst. Vervang dit bestand door de officiële lijst van directie.
6-;125;6-125;PLAATSHOUDER 6-125: geen decretale tekst. Vervang dit bestand door de officiële lijst van directie.
6-;126;6-126;PLAATSHOUDER 6-126: geen decretale tekst. Vervang dit bestand door de officiële lijst van directie.
6-;127;6-127;PLAATSHOUDER 6-127: geen decretale tekst. Vervang dit bestand door de officiële lijst van directie.
6-;128;6-128;PLAATSHOUDER 6-128: geen decretale tekst. Vervang dit bestand door de officiële lijst van directie.
6-;129;6-129;PLAATSHOUDER 6-129: geen decretale tekst. Vervang dit bestand door de officiële lijst van directie.
6-;130;6-130;PLAATSHOUDER 6-130: geen decretale tekst. Vervang dit bestand door de officiële lijst van directie.
6-;131;6-131;PLAATSHOUDER 6-131: geen decretale tekst. Vervang dit bestand door de officiële lijst van directie.
6-;132;6-132;PLAATSHOUDER 6-132: geen decretale tekst. Vervang dit bestand door de officiële lijst van directie.
6-;133;6-133;PLAATSHOUDER 6-133: geen decretale tekst. Vervang dit bestand door de officiële lijst van directie.
6-;134;6-134;PLAATSHOUDER 6-134: geen decretale tekst. Vervang dit bestand door de officiële lijst van directie.
6-;135;6-135;PLAATSHOUDER 6-135: geen decretale tekst. Vervang dit bestand door de officiële lijst van directie.
6-;136;6-136;PLAATSHOUDER 6-136: geen decretale tekst. Vervang dit bestand door de officiële lijst van directie.
6-;137;6-137;PLAATSHOUDER 6-137: geen decretale tekst. Vervang dit bestand door de officiële lijst van directie.
6-;138;6-138;PLAATSHOUDER 6-138: geen decretale tekst. Vervang dit bestand door de officiële lijst van directie.
6-;139;6-139;PLAATSHOUDER 6-139: geen decretale tekst. Vervang dit bestand door de officiële lijst van directie.
6-;140;6-140;PLAATSHOUDER 6-140: geen decretale tekst. Vervang dit bestand door de officiële lijst van directie.
6-;141;6-141;PLAATSHOUDER 6-141: geen decretale tekst. Vervang dit bestand door de officiële lijst van directie.
6-;142;6-142;PLAATSHOUDER 6-142: geen decretale tekst. Vervang dit bestand door de officiële lijst van directie.
6-;143;6-143;PLAATSHOUDER 6-143: geen decretale tekst. Vervang dit bestand door de officiële lijst van directie.
6-;144;6-144;PLAATSHOUDER 6-144: geen decretale tekst. Vervang dit bestand door de officiële lijst van directie.
6-;145;6-145;PLAATSHOUDER 6-145: geen decretale tekst. Vervang dit bestand door de officiële lijst van directie.
6-;146;6-146;PLAATSHOUDER 6-146: geen decretale tekst. Vervang dit bestand door de officiële lijst van directie.
6-;147;6-147;PLAATSHOUDER 6-147: geen decretale tekst. Vervang dit bestand door de officiële lijst van directie.
6-;148;6-148;PLAATSHOUDER 6-148: geen decretale tekst. Vervang dit bestand door de officiële lijst van directie.
6-;149;6-149;PLAATSHOUDER 6-149: geen decretale tekst. Vervang dit bestand door de officiële lijst van directie.
6-;150;6-150;PLAATSHOUDER 6-150: geen decretale tekst. Vervang dit bestand door de officiële lijst van directie.
6-;151;6-151;PLAATSHOUDER 6-151: geen decretale tekst. Vervang dit bestand door de officiële lijst van directie.
6-;152;6-152;PLAATSHOUDER 6-152: geen decretale tekst. Vervang dit bestand door de officiële lijst van directie.
6-;153;6-153;PLAATSHOUDER 6-153: geen decretale tekst. Vervang dit bestand door de officiële lijst van directie.
6-;154;6-154;PLAATSHOUDER 6-154: geen decretale tekst. Vervang dit bestand door de officiële lijst van directie.
6-;155;6-155;PLAATSHOUDER 6-155: geen decretale tekst. Vervang dit bestand door de officiële lijst van directie.
6-;156;6-156;PLAATSHOUDER 6-156: geen decretale tekst. Vervang dit bestand door de officiële lijst van directie.
6-;157;6-157;PLAATSHOUDER 6-157: geen decretale tekst. Vervang dit bestand door de officiële lijst van directie.
6-;158;6-158;PLAATSHOUDER 6-158: geen decretale tekst. Vervang dit bestand door de officiële lijst van directie.
6-;159;6-159;PLAATSHOUDER 6-159: geen decretale tekst. Vervang dit bestand door de officiële lijst van directie.
6-;160;6-160;PLAATSHOUDER 6-160: geen decretale tekst. Vervang dit bestand door de officiële lijst van directie.
6-;161;6-161;PLAATSHOUDER 6-161: geen decretale tekst. Vervang dit bestand door de officiële lijst van directie.
6-;162;6-162;PLAATSHOUDER 6-162: geen decretale tekst. Vervang dit bestand door de officiële lijst van directie.
6-;163;6-163;PLAATSHOUDER 6-163: geen decretale tekst. Vervang dit bestand door de officiële lijst van directie.
6-;164;6-164;PLAATSHOUDER 6-164: geen decretale tekst. Vervang dit bestand door de officiële lijst van directie.
6-;165;6-165;PLAATSHOUDER 6-165: geen decretale tekst. Vervang dit bestand door de officiële lijst van directie.
6-;166;6-166;PLAATSHOUDER 6-166: geen decretale tekst. Vervang dit bestand door de officiële lijst van directie.
6-;167;6-167;PLAATSHOUDER 6-167: geen decretale tekst. Vervang dit bestand door de officiële lijst van directie.
6-;168;6-168;PLAATSHOUDER 6-168: geen decretale tekst. Vervang dit bestand door de officiële lijst van directie.
6-;169;6-169;PLAATSHOUDER 6-169: geen decretale tekst. Vervang dit bestand door de officiële lijst van directie.
6-;170;6-170;PLAATSHOUDER 6-170: geen decretale tekst. Vervang dit bestand door de officiële lijst van directie.
6-;171;6-171;PLAATSHOUDER 6-171: geen decretale tekst. Vervang dit bestand door de officiële lijst van directie.
6-;172;6-172;PLAATSHOUDER 6-172: geen decretale tekst. Vervang dit bestand door de officiële lijst van directie.
6-;173;6-173;PLAATSHOUDER 6-173: geen decretale tekst. Vervang dit bestand door de officiële lijst van directie.
6-;174;6-174;PLAATSHOUDER 6-174: geen decretale tekst. Vervang dit bestand door de officiële lijst van directie.
6-;175;6-175;PLAATSHOUDER 6-175: geen decretale tekst. Vervang dit bestand door de officiële lijst van directie.
6-;176;6-176;PLAATSHOUDER 6-176: geen decretale tekst. Vervang dit bestand door de officiële lijst van directie.
6-;177;6-177;PLAATSHOUDER 6-177: geen decretale tekst. Vervang dit bestand door de officiële lijst van directie.
6-;178;6-178;PLAATSHOUDER 6-178: geen decretale tekst. Vervang dit bestand door de officiële lijst van directie.
6-;179;6-179;PLAATSHOUDER 6-179: geen decretale tekst. Vervang dit bestand door de officiële lijst van directie.
6-;180;6-180;PLAATSHOUDER 6-180: geen decretale tekst. Vervang dit bestand door de officiële lijst van directie.
6-;181;6-181;PLAATSHOUDER 6-181: geen decretale tekst. Vervang dit bestand door de officiële lijst van directie.
6-;182;6-182;PLAATSHOUDER 6-182: geen decretale tekst. Vervang dit bestand door de officiële lijst van directie.
6-;183;6-183;PLAATSHOUDER 6-183: geen decretale tekst. Vervang dit bestand door de officiële lijst van directie.
6-;184;6-184;PLAATSHOUDER 6-184: geen decretale tekst. Vervang dit bestand door de officiële lijst van directie.
6-;185;6-185;PLAATSHOUDER 6-185: geen decretale tekst. Vervang dit bestand door de officiële lijst van directie.
6-;186;6-186;PLAATSHOUDER 6-186: geen decretale tekst. Vervang dit bestand door de officiële lijst van directie.
6-;187;6-187;PLAATSHOUDER 6-187: geen decretale tekst. Vervang dit bestand door de officiële lijst van directie.
6-;188;6-188;PLAATSHOUDER 6-188: geen decretale tekst. Vervang dit bestand door de officiële lijst van directie.
6-;189;6-189;PLAATSHOUDER 6-189: geen decretale tekst. Vervang dit bestand door de officiële lijst van directie.
6-;190;6-190;PLAATSHOUDER 6-190: geen decretale tekst. Vervang dit bestand door de officiële lijst van directie.
6-;191;6-191;PLAATSHOUDER 6-191: geen decretale tekst. Vervang dit bestand door de officiële lijst van directie.
6-;192;6-192;PLAATSHOUDER 6-192: geen decretale tekst. Vervang dit bestand door de officiële lijst van directie.
6-;193;6-193;PLAATSHOUDER 6-193: geen decretale tekst. Vervang dit bestand door de officiële lijst van directie.
6-;194;6-194;PLAATSHOUDER 6-194: geen decretale tekst. Vervang dit bestand door de officiële lijst van directie.
6-;195;6-195;PLAATSHOUDER 6-195: geen decretale tekst. Vervang dit bestand door de officiële lijst van directie.
6-;196;6-196;PLAATSHOUDER 6-196: geen decretale tekst. Vervang dit bestand door de officiële lijst van directie.
6-;197;6-197;PLAATSHOUDER 6-197: geen decretale tekst. Vervang dit bestand door de officiële lijst van directie.
6-;198;6-198;PLAATSHOUDER 6-198: geen decretale tekst. Vervang dit bestand door de officiële lijst van directie.
6-;199;6-199;PLAATSHOUDER 6-199: geen decretale tekst. Vervang dit bestand door de officiële lijst van directie.
6-;200;6-200;PLAATSHOUDER 6-200: geen decretale tekst. Vervang dit bestand door de officiële lijst van directie.
